,year,per capita income (US$)
0,2012,34660.97349263588
1,2013,35489.438567858655
2,2014,36317.9036430812
3,2015,37146.36871830397
4,2016,37974.83379352675
5,2017,38803.29886874952
